date,open,high,low,close,volume,5EMA,89EMA,5ema_volume,prev_open,pre_prev_open,prev_low,pre_prev_low,prev_high,pre_prev_high,prev_5EMA,pre_prev_5EMA,prev_89EMA,pre_prev_89EMA,prev_close,pre_prev_close,close_open,binary,percentage_difference
2020-07-02 00:00:00+05:30,22133.8,23080.6,21768.0,22584.65,0,22584.65,22584.65,0.0,,,,,,,,,,,,,450.8500000000022,True,0.0
2020-07-09 00:00:00+05:30,22753.15,22998.3,21222.45,21340.75,0,22170.01666666667,22557.007777777777,0.0,22133.8,,21768.0,,23080.6,,22584.65,,22584.65,,22584.65,,-1412.4000000000015,False,-1.7156136794542154
2020-07-16 00:00:00+05:30,21453.25,23211.35,21027.85,22882.6,0,22407.544444444447,22564.243160493825,0.0,22753.15,22133.8,21222.45,21768.0,22998.3,23080.6,22170.01666666667,22584.65,22170.01666666667,22584.65,21340.75,22584.65,1429.3499999999985,True,-0.694455891716901
2020-07-23 00:00:00+05:30,22854.85,23122.35,21611.4,22076.6,0,22297.229629629634,22553.406645816183,0.0,21453.25,22753.15,21027.85,21222.45,23211.35,22998.3,22407.544444444447,22170.01666666667,22407.544444444447,22170.01666666667,22882.6,21340.75,-778.25,False,-1.1358683865795167
2020-07-30 00:00:00+05:30,22195.05,22252.6,21031.45,21509.95,0,22034.803086419757,22530.218720353598,0.0,22854.85,21453.25,21611.4,21027.85,23122.35,23211.35,22297.229629629634,22407.544444444447,22297.229629629634,22407.544444444447,22076.6,22882.6,-685.0999999999985,False,-2.198894027985119
2020-08-06 00:00:00+05:30,21644.25,22326.55,21370.3,22264.0,0,22111.202057613173,22524.302748790185,0.0,22195.05,22854.85,21031.45,21611.4,22252.6,23122.35,22034.803086419757,22297.229629629634,22034.803086419757,22297.229629629634,21509.95,22076.6,619.75,True,-1.8340221039659088
2020-08-13 00:00:00+05:30,22395.2,22439.95,21403.15,22285.9,0,22169.43470507545,22519.004909928182,0.0,21644.25,22195.05,21370.3,21031.45,22326.55,22252.6,22111.202057613173,22034.803086419757,22111.202057613173,22034.803086419757,22264.0,21509.95,-109.29999999999927,False,-1.5523341561980495
2020-08-20 00:00:00+05:30,21989.9,23453.4,21886.7,23414.2,0,22584.356470050305,22538.898134152,0.0,22395.2,21644.25,21403.15,21370.3,22439.95,22326.55,22169.43470507545,22111.202057613173,22169.43470507545,22111.202057613173,22285.9,22264.0,1424.2999999999993,True,0.2016883683831155
2020-08-27 00:00:00+05:30,23511.45,25232.6,23385.3,23874.55,0,23014.420980033537,22568.579286726403,0.0,21989.9,22395.2,21886.7,21403.15,23453.4,22439.95,22584.356470050305,22169.43470507545,22584.356470050305,22169.43470507545,23414.2,22285.9,363.09999999999854,True,1.9754973835209664
2020-09-03 00:00:00+05:30,23986.15,24051.6,22080.4,22267.0,0,22765.280653355694,22561.877524799147,0.0,23511.45,21989.9,23385.3,21886.7,25232.6,23453.4,23014.420980033537,22584.356470050305,23014.420980033537,22584.356470050305,23874.55,23414.2,-1719.1500000000015,False,0.9015345834271733
2020-09-10 00:00:00+05:30,22466.55,22757.3,22028.15,22573.55,0,22701.370435570465,22562.136913136943,0.0,23986.15,23511.45,22080.4,23385.3,24051.6,25232.6,22765.280653355694,23014.420980033537,22765.280653355694,23014.420980033537,22267.0,23874.55,107.0,True,0.6171114153307545
2020-09-17 00:00:00+05:30,22352.0,22504.45,20821.0,21178.5,0,22193.746957046977,22531.389426178346,0.0,22466.55,23986.15,22028.15,22080.4,22757.3,24051.6,22701.370435570465,22765.280653355694,22701.370435570465,22765.280653355694,22573.55,22267.0,-1173.5,False,-1.4985426009240066
2020-09-24 00:00:00+05:30,20898.8,21811.5,20404.9,21451.8,0,21946.431304697984,22507.39855004105,0.0,22352.0,22466.55,20821.0,22028.15,22504.45,22757.3,22193.746957046977,22701.370435570465,22193.746957046977,22701.370435570465,21178.5,22573.55,553.0,True,-2.4923682054852216
2020-10-01 00:00:00+05:30,21685.25,23036.2,21664.15,22964.8,0,22285.88753646532,22517.563026706805,0.0,20898.8,22352.0,20404.9,20821.0,21811.5,22504.45,21946.431304697984,22193.746957046977,21946.431304697984,22193.746957046977,21451.8,21178.5,1279.5499999999993,True,-1.0288657345677508
2020-10-08 00:00:00+05:30,23150.25,24190.35,23063.6,23874.65,0,22815.475024310217,22547.72051500221,0.0,21685.25,20898.8,21664.15,20404.9,23036.2,21811.5,22285.88753646532,21946.431304697984,22285.88753646532,21946.431304697984,22964.8,21451.8,724.4000000000015,True,1.187501455545613
2020-10-15 00:00:00+05:30,23920.35,24823.6,22970.95,24635.05,0,23422.00001620681,22594.105614668824,0.0,23150.25,21685.25,23063.6,21664.15,24190.35,23036.2,22815.475024310217,22285.88753646532,22815.475024310217,22285.88753646532,23874.65,22964.8,714.7000000000007,True,3.6642052385578383
2020-10-22 00:00:00+05:30,24447.35,24809.65,23867.75,24232.5,0,23692.166677471207,22630.514378787295,0.0,23920.35,23150.25,22970.95,23063.6,24823.6,24190.35,23422.00001620681,22815.475024310217,23422.00001620681,22815.475024310217,24635.05,23874.65,-214.84999999999854,False,4.691242456596794
2020-10-29 00:00:00+05:30,24063.5,25891.0,23612.7,25771.6,0,24385.311118314137,22700.31628148091,0.0,24447.35,23920.35,23867.75,22970.95,24809.65,24823.6,23692.166677471207,23422.00001620681,23692.166677471207,23422.00001620681,24232.5,24635.05,1708.0999999999985,True,7.422781321368009
2020-11-05 00:00:00+05:30,26174.8,29030.9,26000.05,28845.0,0,25871.87407887609,22836.864808559112,0.0,24063.5,24447.35,23612.7,23867.75,25891.0,24809.65,24385.311118314137,23692.166677471207,24385.311118314137,23692.166677471207,25771.6,24232.5,2670.2000000000007,True,13.289955936418545
2020-11-12 00:00:00+05:30,28633.75,29784.75,27703.3,29749.85,0,27164.53271925073,22990.486701702244,0.0,26174.8,24063.5,26000.05,23612.7,29030.9,25891.0,25871.87407887609,24385.311118314137,25871.87407887609,24385.311118314137,28845.0,25771.6,1116.0999999999985,True,18.15553568615593
2020-11-19 00:00:00+05:30,29302.6,30197.85,28580.9,29196.4,0,27841.82181283382,23128.39588610886,0.0,28633.75,26174.8,27703.3,26000.05,29784.75,29030.9,27164.53271925073,25871.87407887609,27164.53271925073,25871.87407887609,29749.85,28845.0,-106.19999999999709,False,20.37938969021145
2020-11-26 00:00:00+05:30,29370.4,29919.75,28923.1,29463.15,0,28382.264541889213,23269.168199750886,0.0,29302.6,28633.75,28580.9,27703.3,30197.85,29784.75,27841.82181283382,27164.53271925073,27841.82181283382,27164.53271925073,29196.4,29749.85,92.75,True,21.97369625869595
2020-12-03 00:00:00+05:30,29728.9,30807.25,29379.4,30709.4,0,29157.97636125948,23434.506684200867,0.0,29370.4,29302.6,28923.1,28580.9,29919.75,30197.85,28382.264541889213,27841.82181283382,28382.264541889213,27841.82181283382,29463.15,29196.4,980.5,True,24.42325650028415
2020-12-10 00:00:00+05:30,30545.35,30932.25,30202.1,30698.4,0,29671.45090750632,23595.92653566307,0.0,29728.9,29370.4,29379.4,28923.1,30807.25,29919.75,29157.97636125948,28382.264541889213,29157.97636125948,28382.264541889213,30709.4,29463.15,153.0500000000029,True,25.748191590021502
2020-12-17 00:00:00+05:30,30791.2,30945.2,28976.75,29883.3,0,29742.067271670883,23735.64594598167,0.0,30545.35,29728.9,30202.1,29379.4,30932.25,30807.25,29671.45090750632,29157.97636125948,29671.45090750632,29157.97636125948,30698.4,30709.4,-907.9000000000015,False,25.30548921802599
2020-12-24 00:00:00+05:30,30071.65,31510.25,30007.8,31303.05,0,30262.39484778059,23903.810480515407,0.0,30791.2,30545.35,28976.75,30202.1,30945.2,30932.25,29742.067271670883,29671.45090750632,29742.067271670883,29671.45090750632,29883.3,30698.4,1231.3999999999978,True,26.60071444445321
2020-12-31 00:00:00+05:30,31295.9,31982.3,30893.65,31797.9,0,30774.229898520396,24079.23469205951,0.0,30071.65,30791.2,30007.8,28976.75,31510.25,30945.2,30262.39484778059,29742.067271670883,30262.39484778059,29742.067271670883,31303.05,29883.3,502.0,True,27.804019903791477
2021-01-07 00:00:00+05:30,32129.8,32683.5,31725.85,32574.65,0,31374.369932346934,24268.021698902627,0.0,31295.9,30071.65,30893.65,30007.8,31982.3,31510.25,30774.229898520396,30262.39484778059,30774.229898520396,30262.39484778059,31797.9,31303.05,444.8500000000022,True,29.282766933431777
2021-01-14 00:00:00+05:30,32526.7,32718.95,31650.9,32543.7,0,31764.14662156462,24451.925661149235,0.0,32129.8,31295.9,31725.85,30893.65,32683.5,31982.3,31374.369932346934,30774.229898520396,31374.369932346934,30774.229898520396,32574.65,31797.9,17.0,True,29.90447894266874
2021-01-21 00:00:00+05:30,32732.8,32842.3,30165.65,30284.55,0,31270.94774770975,24581.53953534592,0.0,32526.7,32129.8,31650.9,31725.85,32718.95,32683.5,31764.14662156462,31374.369932346934,31764.14662156462,31374.369932346934,32543.7,32574.65,-2448.25,False,27.213137739990184
2021-01-28 00:00:00+05:30,29812.3,34908.05,29687.7,34758.45,0,32433.448498473168,24807.69310122712,0.0,32732.8,32526.7,30165.65,31650.9,32842.3,32718.95,31270.94774770975,31764.14662156462,31270.94774770975,31764.14662156462,30284.55,32543.7,4946.149999999998,True,30.73947813740423
2021-02-04 00:00:00+05:30,34548.9,36615.2,34238.9,35783.1,0,33549.99899898211,25051.59103231096,0.0,29812.3,32732.8,29687.7,30165.65,34908.05,32842.3,32433.448498473168,31270.94774770975,32433.448498473168,31270.94774770975,34758.45,30284.55,1234.199999999997,True,33.92362567195873
2021-02-11 00:00:00+05:30,35687.25,37708.75,35573.3,36910.95,0,34670.31599932141,25315.132342704048,0.0,34548.9,29812.3,34238.9,29687.7,36615.2,34908.05,33549.99899898211,32433.448498473168,33549.99899898211,32433.448498473168,35783.1,34758.45,1223.699999999997,True,36.95490716766318
2021-02-18 00:00:00+05:30,37088.75,37108.75,34976.0,36452.3,0,35264.310666214275,25562.624957310625,0.0,35687.25,34548.9,35573.3,34238.9,37708.75,36615.2,34670.31599932141,33549.99899898211,34670.31599932141,33549.99899898211,36910.95,35783.1,-636.4499999999971,False,37.95261920520833
2021-02-25 00:00:00+05:30,36763.15,37232.2,34658.7,36368.05,0,35632.22377747619,25802.745513814833,0.0,37088.75,35687.25,34976.0,35573.3,37108.75,37708.75,35264.310666214275,34670.31599932141,35264.310666214275,34670.31599932141,36452.3,36910.95,-395.09999999999854,False,38.09469910246038
2021-03-04 00:00:00+05:30,35575.65,36316.4,34893.25,35938.3,0,35734.24918498413,26027.980057952278,0.0,36763.15,37088.75,34658.7,34976.0,37232.2,37108.75,35632.22377747619,35264.310666214275,35632.22377747619,35264.310666214275,36368.05,36452.3,362.65000000000146,True,37.29167267463891
2021-03-12 00:00:00+05:30,36497.35,36497.35,34126.85,34229.25,0,35232.58278998942,26210.230501108894,0.0,35575.65,36763.15,34893.25,34658.7,36316.4,37232.2,35734.24918498413,35632.22377747619,35734.24918498413,35632.22377747619,35938.3,36368.05,-2268.0999999999985,False,34.42301771630285
2021-03-18 00:00:00+05:30,34577.5,34759.85,33203.4,33293.25,0,34586.13852665962,26367.630934417582,0.0,36497.35,35575.65,34126.85,34893.25,36497.35,36316.4,35232.58278998942,35734.24918498413,35232.58278998942,35734.24918498413,34229.25,35938.3,-1284.25,False,31.16892682806192
2021-03-25 00:00:00+05:30,33420.75,33990.8,32415.25,33303.9,0,34158.72568443975,26521.770246986078,0.0,34577.5,36497.35,33203.4,34126.85,34759.85,36497.35,34586.13852665962,35232.58278998942,34586.13852665962,35232.58278998942,33293.25,34229.25,-116.84999999999854,False,28.795044095224114
2021-04-01 00:00:00+05:30,33588.0,33949.15,32141.55,32991.2,0,33769.55045629317,26665.535352608607,0.0,33420.75,34577.5,32415.25,33203.4,33990.8,34759.85,34158.72568443975,34586.13852665962,34158.72568443975,34586.13852665962,33303.9,33293.25,-596.8000000000029,False,26.641186871913288
2021-04-08 00:00:00+05:30,33154.2,33306.8,30520.3,31771.6,0,33103.56697086211,26779.00345588397,0.0,33588.0,33420.75,32141.55,32415.25,33949.15,33990.8,33769.55045629317,34158.72568443975,33769.55045629317,34158.72568443975,32991.2,33303.9,-1382.5999999999985,False,23.61762089241783
2021-04-15 00:00:00+05:30,31929.1,32325.15,30405.65,31112.7,0,32439.944647241413,26875.30782353099,0.0,33154.2,33588.0,30520.3,32141.55,33306.8,33949.15,33103.56697086211,33769.55045629317,33103.56697086211,33769.55045629317,31771.6,32991.2,-816.3999999999978,False,20.705388233128396
2021-04-22 00:00:00+05:30,30763.5,33777.7,30555.25,33722.8,0,32867.56309816094,27027.474316341413,0.0,31929.1,33154.2,30405.65,30520.3,32325.15,33306.8,32439.944647241413,33103.56697086211,32439.944647241413,33103.56697086211,31112.7,31771.6,2959.300000000003,True,21.607970887196373
2021-04-29 00:00:00+05:30,33901.6,34287.0,31906.55,32783.7,0,32839.6087321073,27155.390442644937,0.0,30763.5,31929.1,30555.25,30405.65,33777.7,32325.15,32867.56309816094,32439.944647241413,32867.56309816094,32439.944647241413,33722.8,31112.7,-1117.9000000000015,False,20.93219135061981
2021-05-06 00:00:00+05:30,32900.75,33297.6,32352.3,32452.3,0,32710.50582140487,27273.099543919492,0.0,33901.6,30763.5,31906.55,30555.25,34287.0,33777.7,32839.6087321073,32867.56309816094,32839.6087321073,32867.56309816094,32783.7,33722.8,-448.4500000000007,False,19.936884213432357
2021-05-14 00:00:00+05:30,32495.15,34142.85,32115.5,33685.2,0,33035.40388093658,27415.590665165728,0.0,32900.75,33901.6,32352.3,31906.55,33297.6,34287.0,32710.50582140487,32839.6087321073,32710.50582140487,32839.6087321073,32452.3,32783.7,1190.0499999999956,True,20.498603456723597
2021-05-20 00:00:00+05:30,33692.55,35216.1,33273.95,34684.2,0,33585.002587291056,27577.11531705093,0.0,32495.15,32900.75,32115.5,32352.3,34142.85,33297.6,33035.40388093658,32710.50582140487,33035.40388093658,32710.50582140487,33685.2,32452.3,991.6499999999942,True,21.785771285967126
2021-05-27 00:00:00+05:30,34664.2,35713.9,34529.7,35373.75,0,34181.251724860704,27750.37386556091,0.0,33692.55,32495.15,33273.95,32115.5,35216.1,34142.85,33585.002587291056,33035.40388093658,33585.002587291056,33035.40388093658,34684.2,33685.2,709.5500000000029,True,23.174022413012306
2021-06-03 00:00:00+05:30,35536.45,35810.9,34641.2,34800.5,0,34387.667816573805,27907.04333521511,0.0,34664.2,33692.55,34529.7,33273.95,35713.9,35216.1,34181.251724860704,33585.002587291056,34181.251724860704,33585.002587291056,35373.75,34684.2,-735.9499999999971,False,23.222182312595542
2021-06-10 00:00:00+05:30,34903.6,35380.0,34374.35,35003.5,0,34592.945211049206,28064.742372210327,0.0,35536.45,34664.2,34641.2,34529.7,35810.9,35713.9,34387.667816573805,34181.251724860704,34387.667816573805,34181.251724860704,34800.5,35373.75,99.90000000000146,True,23.261224892992775
2021-06-17 00:00:00+05:30,34619.8,35281.9,33908.95,34574.0,0,34586.630140699475,28209.392541716763,0.0,34903.6,35536.45,34374.35,34641.2,35380.0,35810.9,34592.945211049206,34387.667816573805,34592.945211049206,34387.667816573805,35003.5,34800.5,-45.80000000000291,False,22.606788109853454
2021-06-24 00:00:00+05:30,34687.7,35576.95,34592.35,34772.2,0,34648.486760466316,28355.232707456387,0.0,34619.8,34903.6,33908.95,34374.35,35281.9,35380.0,34586.630140699475,34592.945211049206,34586.630140699475,34592.945211049206,34574.0,35003.5,84.5,True,22.194330471338482
2021-07-01 00:00:00+05:30,34866.0,35807.45,34632.6,35771.3,0,35022.75784031088,28520.034202846244,0.0,34687.7,34619.8,34592.35,33908.95,35576.95,35281.9,34648.486760466316,34586.630140699475,34648.486760466316,34586.630140699475,34772.2,34574.0,905.3000000000029,True,22.80054642015708
2021-07-08 00:00:00+05:30,35603.25,35811.0,34859.9,35668.25,0,35237.92189354059,28678.883442782993,0.0,34866.0,34687.7,34632.6,34592.35,35807.45,35576.95,35022.75784031088,34648.486760466316,35022.75784031088,34648.486760466316,35771.3,34772.2,65.0,True,22.87061999412731
2021-07-15 00:00:00+05:30,35757.45,35985.25,34357.35,34415.45,0,34963.76459569373,28806.36269961004,0.0,35603.25,34866.0,34859.9,34632.6,35811.0,35807.45,35237.92189354059,35022.75784031088,35237.92189354059,35022.75784031088,35668.25,35771.3,-1342.0,False,21.37514534650722
2021-07-22 00:00:00+05:30,34774.55,35186.1,34115.2,34532.9,0,34820.143063795826,28933.619084063146,0.0,35757.45,35603.25,34357.35,34859.9,35985.25,35811.0,34963.76459569373,35237.92189354059,34963.76459569373,35237.92189354059,34415.45,35668.25,-241.65000000000146,False,20.344928032093367
2021-07-29 00:00:00+05:30,34740.3,36219.8,34445.4,36028.05,0,35222.77870919722,29091.273104417298,0.0,34774.55,35757.45,34115.2,34357.35,35186.1,35985.25,34820.143063795826,34963.76459569373,34820.143063795826,34963.76459569373,34532.9,34415.45,1287.75,True,21.076786783349466
2021-08-05 00:00:00+05:30,36093.95,36317.0,35531.35,35806.4,0,35417.31913946482,29240.49814654136,0.0,34740.3,34774.55,34445.4,34115.2,36219.8,35186.1,35222.77870919722,34820.143063795826,35222.77870919722,34820.143063795826,36028.05,34532.9,-287.54999999999563,False,21.124198917432153
2021-08-12 00:00:00+05:30,35825.4,36261.55,35432.0,35554.5,0,35463.04609297655,29380.80929884044,0.0,36093.95,34740.3,35531.35,34445.4,36317.0,36219.8,35417.31913946482,35222.77870919722,35417.31913946482,35222.77870919722,35806.4,36028.05,-270.90000000000146,False,20.70139298162952
2021-08-20 00:00:00+05:30,35146.5,35910.3,34817.5,35586.25,0,35504.114061984365,29518.707981088428,0.0,35825.4,36093.95,35432.0,35531.35,36261.55,36317.0,35463.04609297655,35417.31913946482,35463.04609297655,35417.31913946482,35554.5,35806.4,439.75,True,20.27665331670536
2021-08-26 00:00:00+05:30,35485.95,36997.7,35359.25,36574.3,0,35860.84270798958,29675.498914842017,0.0,35146.5,35825.4,34817.5,35432.0,35910.3,36261.55,35504.114061984365,35463.04609297655,35504.114061984365,35463.04609297655,35586.25,35554.5,1088.3500000000058,True,20.84326808084092
2021-09-02 00:00:00+05:30,36588.4,37140.0,36151.95,36768.2,0,36163.29513865972,29833.114494512196,0.0,35485.95,35146.5,35359.25,34817.5,36997.7,35910.3,35860.84270798958,35504.114061984365,35860.84270798958,35504.114061984365,36574.3,35586.25,179.79999999999563,True,21.218638252844706
2021-09-09 00:00:00+05:30,36725.5,36949.7,36327.05,36852.25,0,36392.94675910648,29989.095283523035,0.0,36588.4,35485.95,36151.95,35359.25,37140.0,36997.7,36163.29513865972,35860.84270798958,36163.29513865972,35860.84270798958,36768.2,36574.3,126.75,True,21.353933538308265
2021-09-16 00:00:00+05:30,36946.0,38112.75,36525.95,36944.65,0,36576.84783940433,30143.66316611141,0.0,36725.5,36588.4,36327.05,36151.95,36949.7,37140.0,36392.94675910648,36163.29513865972,36392.94675910648,36163.29513865972,36852.25,36768.2,-1.3499999999985448,False,21.341748140701533
2021-09-23 00:00:00+05:30,37241.25,38377.25,37216.15,37743.0,0,36965.56522626955,30312.537317975602,0.0,36946.0,36725.5,36525.95,36327.05,38112.75,36949.7,36576.84783940433,36392.94675910648,36576.84783940433,36392.94675910648,36944.65,36852.25,501.75,True,21.948106285212372
2021-09-30 00:00:00+05:30,37677.8,38106.85,36876.35,37521.55,0,37150.8934841797,30472.737599798365,0.0,37241.25,36946.0,37216.15,36525.95,38377.25,38112.75,36965.56522626955,36576.84783940433,36965.56522626955,36576.84783940433,37743.0,36944.65,-156.25,False,21.915181931096093
2021-10-07 00:00:00+05:30,37894.0,38779.05,37650.25,38635.75,0,37645.8456561198,30654.1378753584,0.0,37677.8,37241.25,36876.35,37216.15,38106.85,38377.25,37150.8934841797,36965.56522626955,37150.8934841797,36965.56522626955,37521.55,37743.0,741.75,True,22.808365412820013
2021-10-14 00:00:00+05:30,38684.65,40011.15,38673.0,39518.2,0,38269.96377074654,30851.117033683768,0.0,37894.0,37677.8,37650.25,36876.35,38779.05,38106.85,37645.8456561198,37150.8934841797,37645.8456561198,37150.8934841797,38635.75,37521.55,833.5499999999956,True,24.04725484967934
2021-10-21 00:00:00+05:30,39676.55,41829.6,39428.1,40874.35,0,39138.09251383103,31073.85554404635,0.0,38684.65,37894.0,38673.0,37650.25,40011.15,38779.05,38269.96377074654,37645.8456561198,38269.96377074654,37645.8456561198,39518.2,38635.75,1197.7999999999956,True,25.95183902542714
2021-10-28 00:00:00+05:30,40915.15,40931.05,38426.65,39402.05,0,39226.07834255402,31258.92653195643,0.0,39676.55,38684.65,39428.1,38673.0,41829.6,40011.15,39138.09251383103,38269.96377074654,39138.09251383103,38269.96377074654,40874.35,39518.2,-1513.0999999999985,False,25.487605284374254
2021-11-04 00:00:00+05:30,39669.1,39734.7,38873.8,39023.25,0,39158.468895036014,31431.46705346851,0.0,40915.15,39676.55,38426.65,39428.1,40931.05,41829.6,39226.07834255402,39138.09251383103,39226.07834255402,39138.09251383103,39402.05,40874.35,-645.8499999999985,False,24.583649972249123
2021-11-11 00:00:00+05:30,38913.05,39117.15,37981.2,38041.55,0,38786.16259669068,31578.357785613654,0.0,39669.1,40915.15,38873.8,38426.65,39734.7,40931.05,39158.468895036014,39226.07834255402,39158.468895036014,39226.07834255402,39023.25,39402.05,-871.5,False,22.825141383256884
2021-11-18 00:00:00+05:30,38071.9,38241.0,36647.55,37441.95,0,38338.09173112712,31708.65983482224,0.0,38913.05,39669.1,37981.2,38873.8,39117.15,39734.7,38786.16259669068,39158.468895036014,38786.16259669068,39158.468895036014,38041.55,39023.25,-629.9500000000044,False,20.90732289172462
2021-11-25 00:00:00+05:30,37362.05,37507.95,35327.9,36364.9,0,37680.36115408475,31812.131838492856,0.0,38071.9,38913.05,36647.55,37981.2,38241.0,39117.15,38338.09173112712,38786.16259669068,38338.09173112712,38786.16259669068,37441.95,38041.55,-997.1500000000015,False,18.446513881510143
2021-12-02 00:00:00+05:30,36281.85,37384.8,35696.75,37284.7,0,37548.474102723165,31933.744464304127,0.0,37362.05,38071.9,35327.9,36647.55,37507.95,38241.0,37680.36115408475,38338.09173112712,37680.36115408475,38338.09173112712,36364.9,37441.95,1002.8499999999985,True,17.58243429515521
2021-12-09 00:00:00+05:30,37331.75,37581.05,36545.4,36789.55,0,37295.49940181545,32041.651253986256,0.0,36281.85,37362.05,35696.75,35327.9,37384.8,37507.95,37548.474102723165,37680.36115408475,37548.474102723165,37680.36115408475,37284.7,36364.9,-542.1999999999971,False,16.396933186068452
2021-12-16 00:00:00+05:30,37092.95,37159.3,34018.45,35029.5,0,36540.166267876964,32108.047892786562,0.0,37331.75,36281.85,36545.4,35696.75,37581.05,37384.8,37295.49940181545,37548.474102723165,37295.49940181545,37548.474102723165,36789.55,37284.7,-2063.449999999997,False,13.80376156747333
2021-12-23 00:00:00+05:30,35350.5,35477.3,34233.0,35045.4,0,36041.91084525131,32173.32238405797,0.0,37092.95,37331.75,34018.45,36545.4,37159.3,37581.05,36540.166267876964,37295.49940181545,36540.166267876964,37295.49940181545,35029.5,36789.55,-305.09999999999854,False,12.02421190765876
2021-12-30 00:00:00+05:30,34977.65,37862.4,34751.25,37695.9,0,36593.240563500876,32296.046331078905,0.0,35350.5,37092.95,34233.0,34018.45,35477.3,37159.3,36041.91084525131,36540.166267876964,36041.91084525131,36540.166267876964,35045.4,35029.5,2718.25,True,13.305635582664882
2022-01-06 00:00:00+05:30,37242.55,38851.45,37058.45,38727.55,0,37304.67704233392,32438.968634832705,0.0,34977.65,35350.5,34751.25,34233.0,37862.4,35477.3,36593.240563500876,36041.91084525131,36593.240563500876,36041.91084525131,37695.9,35045.4,1485.0,True,14.999578014562568
2022-01-13 00:00:00+05:30,38717.55,38855.55,37769.25,38041.35,0,37550.23469488928,32563.46599850309,0.0,37242.55,34977.65,37058.45,34751.25,38851.45,37862.4,37304.67704233392,36593.240563500876,37304.67704233392,36593.240563500876,38727.55,37695.9,-676.2000000000044,False,15.31399850561187
2022-01-20 00:00:00+05:30,38106.1,38167.95,36375.35,37706.75,0,37602.406463259525,32677.761198536355,0.0,38717.55,37242.55,37769.25,37058.45,38855.55,38851.45,37550.23469488928,37304.67704233392,37550.23469488928,37304.67704233392,38041.35,38727.55,-399.34999999999854,False,15.070326375185541
2022-01-27 00:00:00+05:30,37058.2,39386.6,37012.25,39330.5,0,38178.43764217302,32825.59983856888,0.0,38106.1,38717.55,36375.35,37769.25,38167.95,38855.55,37602.406463259525,37550.23469488928,37602.406463259525,37550.23469488928,37706.75,38041.35,2272.300000000003,True,16.306900193533558
2022-02-03 00:00:00+05:30,39255.7,39424.85,37319.05,38610.25,0,38322.375094782015,32954.14761993402,0.0,37058.2,38106.1,37012.25,36375.35,39386.6,38167.95,38178.43764217302,37602.406463259525,38178.43764217302,37602.406463259525,39330.5,37706.75,-645.4499999999971,False,16.289990373171566
2022-02-10 00:00:00+05:30,38801.45,39197.2,36651.85,37953.8,0,38199.51672985468,33065.251006157705,0.0,39255.7,37058.2,37319.05,37012.25,39424.85,39386.6,38322.375094782015,38178.43764217302,38322.375094782015,38178.43764217302,38610.25,39330.5,-847.6499999999942,False,15.527678053134473
2022-02-17 00:00:00+05:30,38042.1,38124.5,36818.1,37392.05,0,37930.36115323646,33161.402094909754,0.0,38801.45,39255.7,36651.85,37319.05,39197.2,39424.85,38199.51672985468,38322.375094782015,38199.51672985468,38322.375094782015,37953.8,38610.25,-650.0499999999956,False,14.381053746393722
2022-02-24 00:00:00+05:30,36085.2,36709.15,34897.45,35372.8,0,37077.84076882431,33210.54427057842,0.0,38042.1,38801.45,36818.1,36651.85,38124.5,39197.2,37930.36115323646,38199.51672985468,37930.36115323646,38199.51672985468,37392.05,37953.8,-712.3999999999942,False,11.644785062050207
2022-03-03 00:00:00+05:30,35621.15,35804.15,32155.35,33815.45,0,35990.37717921621,33223.986620121126,0.0,36085.2,38042.1,34897.45,36818.1,36709.15,38124.5,37077.84076882431,37930.36115323646,37077.84076882431,37930.36115323646,35372.8,37392.05,-1805.7000000000044,False,8.32648589323624
2022-03-10 00:00:00+05:30,35153.95,35806.35,34094.3,35748.25,0,35909.66811947747,33280.08136189621,0.0,35621.15,36085.2,32155.35,34897.45,35804.15,36709.15,35990.37717921621,37077.84076882431,35990.37717921621,37077.84076882431,33815.45,35372.8,594.3000000000029,True,7.90138319971773
2022-03-17 00:00:00+05:30,36302.0,36827.6,35384.75,36147.35,0,35988.89541298498,33343.79844274296,0.0,35153.95,35621.15,34094.3,32155.35,35806.35,35804.15,35909.66811947747,35990.37717921621,35909.66811947747,35990.37717921621,35748.25,33815.45,-154.65000000000146,False,7.9328003820083826
2022-03-24 00:00:00+05:30,35633.7,36421.1,35016.3,36334.3,0,36104.030275323326,33410.25403290423,0.0,36302.0,35153.95,35384.75,34094.3,36827.6,35806.35,35988.89541298498,35909.66811947747,35988.89541298498,35909.66811947747,36147.35,35748.25,700.6000000000058,True,8.062723018406619
2022-03-31 00:00:00+05:30,36457.2,38765.85,36242.35,37632.8,0,36613.62018354889,33504.08838772858,0.0,35633.7,36302.0,35016.3,35384.75,36421.1,36827.6,36104.030275323326,35988.89541298498,36104.030275323326,35988.89541298498,36334.3,36147.35,1175.6000000000058,True,9.281051792351484
2022-04-07 00:00:00+05:30,37421.75,37988.6,37264.45,37463.4,0,36896.880122365925,33592.0730902235,0.0,36457.2,35633.7,36242.35,35016.3,38765.85,36421.1,36613.62018354889,36104.030275323326,36613.62018354889,36104.030275323326,37632.8,36334.3,41.650000000001455,True,9.838056208279212
2022-04-18 00:00:00+05:30,36833.15,37123.55,35926.3,36314.9,0,36702.88674824395,33652.5803548852,0.0,37421.75,36457.2,37264.45,36242.35,37988.6,38765.85,36896.880122365925,36613.62018354889,36896.880122365925,36613.62018354889,37463.4,37632.8,-518.25,False,9.064108490913847
2022-04-21 00:00:00+05:30,36513.1,36913.35,35511.4,36028.85,0,36478.20783216263,33705.38634699886,0.0,36833.15,37421.75,35926.3,37264.45,37123.55,37988.6,36702.88674824395,36896.880122365925,36702.88674824395,36896.880122365925,36314.9,37463.4,-484.25,False,8.22664204651868
2022-04-28 00:00:00+05:30,36189.95,36718.8,35127.85,35264.55,0,36073.65522144176,33740.03442817666,0.0,36513.1,36833.15,35511.4,35926.3,36913.35,37123.55,36478.20783216263,36702.88674824395,36478.20783216263,36702.88674824395,36028.85,36314.9,-925.3999999999942,False,6.9164742502938
2022-05-05 00:00:00+05:30,35705.35,35934.85,33927.2,34693.15,0,35613.48681429451,33761.21477421718,0.0,36189.95,36513.1,35127.85,35511.4,36718.8,36913.35,36073.65522144176,36478.20783216263,36073.65522144176,36478.20783216263,35264.55,36028.85,-1012.1999999999971,False,5.486390381580341
2022-05-12 00:00:00+05:30,34289.1,34655.8,33001.75,34163.7,0,35130.22454286301,33770.15889034569,0.0,35705.35,36189.95,33927.2,35127.85,35934.85,36718.8,35613.48681429451,36073.65522144176,35613.48681429451,36073.65522144176,34693.15,35264.55,-125.40000000000146,False,4.027418576659835
2022-05-19 00:00:00+05:30,33461.0,34819.95,33180.6,34339.5,0,34866.64969524201,33782.810915004666,0.0,34289.1,35705.35,33001.75,33927.2,34655.8,35934.85,35130.22454286301,35613.48681429451,35130.22454286301,35613.48681429451,34163.7,34693.15,878.5,True,3.2082551773569534
2022-05-26 00:00:00+05:30,34670.6,36083.7,34424.75,35620.8,0,35118.03313016135,33823.65511689345,0.0,33461.0,34289.1,33180.6,33001.75,34819.95,34655.8,34866.64969524201,35130.22454286301,34866.64969524201,35130.22454286301,34339.5,34163.7,950.2000000000044,True,3.826842512420868
2022-06-02 00:00:00+05:30,35470.95,35958.45,34831.75,34946.15,0,35060.738753440906,33848.59944762915,0.0,34670.6,33461.0,34424.75,33180.6,36083.7,34819.95,35118.03313016135,34866.64969524201,35118.03313016135,34866.64969524201,35620.8,34339.5,-524.7999999999956,False,3.5810619215934953
2022-06-09 00:00:00+05:30,34802.25,35149.1,33123.9,33339.0,0,34486.82583562727,33837.275015459614,0.0,35470.95,34670.6,34831.75,34424.75,35958.45,36083.7,35060.738753440906,35118.03313016135,35060.738753440906,35118.03313016135,34946.15,35620.8,-1463.25,False,1.919630998273026
2022-06-16 00:00:00+05:30,33648.8,33756.5,32290.55,32845.3,0,33939.65055708485,33815.23112622718,0.0,34802.25,35470.95,33123.9,34831.75,35149.1,35958.45,34486.82583562727,35060.738753440906,34486.82583562727,35060.738753440906,33339.0,34946.15,-803.5,False,0.3679390224873245
2022-06-23 00:00:00+05:30,32927.4,34147.5,32652.15,33269.9,0,33716.4003713899,33803.11265675547,0.0,33648.8,34802.25,32290.55,33123.9,33756.5,35149.1,33939.65055708485,34486.82583562727,33939.65055708485,34486.82583562727,32845.3,33339.0,342.5,True,-0.25652159978894173
2022-06-30 00:00:00+05:30,33180.7,34388.5,33080.45,34324.25,0,33919.01691425993,33814.69348660534,0.0,32927.4,33648.8,32652.15,32290.55,34147.5,33756.5,33716.4003713899,33939.65055708485,33716.4003713899,33939.65055708485,33269.9,32845.3,1143.550000000003,True,0.3085150770209298
2022-07-07 00:00:00+05:30,34627.4,35543.1,34553.1,34827.8,0,34221.94460950662,33837.20696468078,0.0,33180.7,32927.4,33080.45,32652.15,34388.5,34147.5,33919.01691425993,33716.4003713899,33919.01691425993,33716.4003713899,34324.25,33269.9,200.40000000000146,True,1.1370254206484367
2022-07-14 00:00:00+05:30,34817.95,36182.7,34463.9,35972.1,0,34805.329739671084,33884.649032132314,0.0,34627.4,33180.7,34553.1,33080.45,35543.1,34388.5,34221.94460950662,33919.01691425993,34221.94460950662,33919.01691425993,34827.8,34324.25,1154.1500000000015,True,2.7171026817061072
2022-07-21 00:00:00+05:30,36026.55,37011.2,35887.35,36783.75,0,35464.80315978073,33949.07349808492,0.0,34817.95,34627.4,34463.9,34553.1,36182.7,35543.1,34805.329739671084,34221.94460950662,34805.329739671084,34221.94460950662,35972.1,34827.8,757.1999999999971,True,4.464715839097369
2022-07-28 00:00:00+05:30,37102.45,38179.85,37028.5,37989.25,0,36306.28543985382,34038.85519812748,0.0,36026.55,34817.95,35887.35,34463.9,37011.2,36182.7,35464.80315978073,34805.329739671084,35464.80315978073,34805.329739671084,36783.75,35972.1,886.8000000000029,True,6.661299942458326
2022-08-04 00:00:00+05:30,38111.05,38402.95,37249.5,38287.85,0,36966.80695990255,34133.277304835756,0.0,37102.45,36026.55,37028.5,35887.35,38179.85,37011.2,36306.28543985382,35464.80315978073,36306.28543985382,35464.80315978073,37989.25,36783.75,176.79999999999563,True,8.30137003769444
2022-08-11 00:00:00+05:30,38712.95,39504.5,38648.9,39461.7,0,37798.43797326837,34251.686698061625,0.0,38111.05,37102.45,37249.5,37028.5,38402.95,38179.85,36966.80695990255,36306.28543985382,36966.80695990255,36306.28543985382,38287.85,37989.25,748.75,True,10.354968228199574
2022-08-18 00:00:00+05:30,39324.4,39759.15,37950.85,39038.5,0,38211.79198217891,34358.06032699359,0.0,38712.95,38111.05,38648.9,37249.5,39504.5,38402.95,37798.43797326837,36966.80695990255,37798.43797326837,36966.80695990255,39461.7,38287.85,-285.90000000000146,False,11.216383051046737
2022-08-25 00:00:00+05:30,39190.05,39606.55,37943.85,39536.75,0,38653.44465478594,34473.14231972706,0.0,39324.4,38712.95,37950.85,38648.9,39759.15,39504.5,38211.79198217891,37798.43797326837,38211.79198217891,37798.43797326837,39038.5,39461.7,346.6999999999971,True,12.12625845444534
2022-09-01 00:00:00+05:30,38806.7,40073.75,38803.3,39455.9,0,38920.92976985729,34583.87026817757,0.0,39190.05,39324.4,37943.85,37950.85,39606.55,39759.15,38653.44465478594,38211.79198217891,38653.44465478594,38211.79198217891,39536.75,39038.5,649.2000000000044,True,12.540700239875926
2022-09-08 00:00:00+05:30,39763.9,41626.9,39706.4,41405.4,0,39749.086513238195,34735.459817773626,0.0,38806.7,39190.05,38803.3,37943.85,40073.75,39606.55,38920.92976985729,38653.44465478594,38920.92976985729,38653.44465478594,39455.9,39536.75,1641.5,True,14.433742123370912
2022-09-15 00:00:00+05:30,41533.7,41840.15,40502.05,41203.45,0,40233.8743421588,34879.19293293421,0.0,39763.9,38806.7,39706.4,38803.3,41626.9,40073.75,39749.086513238195,38920.92976985729,39749.086513238195,38920.92976985729,41405.4,39455.9,-330.25,False,15.352079446105835
2022-09-22 00:00:00+05:30,40889.05,41159.2,37626.2,37759.85,0,39409.1995614392,34943.20753442455,0.0,41533.7,39763.9,40502.05,39706.4,41840.15,41626.9,40233.8743421588,39749.086513238195,40233.8743421588,39749.086513238195,41203.45,41405.4,-3129.2000000000044,False,12.780715744583384
2022-09-29 00:00:00+05:30,38092.85,39177.5,37386.35,39110.05,0,39309.48304095947,35035.804033659566,0.0,40889.05,41533.7,37626.2,40502.05,41159.2,41840.15,39409.1995614392,40233.8743421588,39409.1995614392,40233.8743421588,37759.85,41203.45,1017.2000000000044,True,12.198033198250856
2022-10-06 00:00:00+05:30,39343.7,39608.35,38518.3,39118.55,0,39245.83869397298,35126.531721800464,0.0,38092.85,40889.05,37386.35,37626.2,39177.5,41159.2,39309.48304095947,39409.1995614392,39309.48304095947,39409.1995614392,39110.05,37759.85,-225.14999999999418,False,11.727052943333904
2022-10-13 00:00:00+05:30,38957.65,40643.6,38437.95,40373.2,0,39621.62579598199,35243.1243502049,0.0,39343.7,38092.85,38518.3,37386.35,39608.35,39177.5,39245.83869397298,39309.48304095947,39245.83869397298,39309.48304095947,39118.55,39110.05,1415.5499999999956,True,12.423703989092102
2022-10-20 00:00:00+05:30,40149.5,41530.65,39848.85,41122.75,0,40122.00053065467,35373.78269797812,0.0,38957.65,39343.7,38437.95,38518.3,40643.6,39608.35,39621.62579598199,39245.83869397298,39621.62579598199,39245.83869397298,40373.2,39118.55,973.25,True,13.422985811884763
2022-10-27 00:00:00+05:30,41440.7,41677.25,40839.3,41146.65,0,40463.55035376978,35502.06863802305,0.0,40149.5,38957.65,39848.85,38437.95,41530.65,40643.6,40122.00053065467,39621.62579598199,40122.00053065467,39621.62579598199,41122.75,40373.2,-294.04999999999563,False,13.975190477866803
2022-11-03 00:00:00+05:30,40873.7,41948.9,40819.15,41783.2,0,40903.433569179855,35641.649334955866,0.0,41440.7,40149.5,40839.3,39848.85,41677.25,41530.65,40463.55035376978,40122.00053065467,40463.55035376978,40122.00053065467,41146.65,41122.75,909.5,True,14.76302116317453
2022-11-10 00:00:00+05:30,41462.85,42611.75,41318.6,42535.3,0,41447.389046119904,35794.841571956844,0.0,40873.7,41440.7,40819.15,40839.3,41948.9,41677.25,40903.433569179855,40463.55035376978,40903.433569179855,40463.55035376978,41783.2,41146.65,1072.4500000000044,True,15.791514156585901
2022-11-17 00:00:00+05:30,42399.65,42860.55,42202.55,42729.1,0,41874.62603074661,35948.93620369114,0.0,41462.85,40873.7,41318.6,40819.15,42611.75,41948.9,41447.389046119904,40903.433569179855,41447.389046119904,40903.433569179855,42535.3,41783.2,329.4499999999971,True,16.483630540497142
2022-11-24 00:00:00+05:30,42838.35,43339.15,42740.0,43231.0,0,42326.75068716441,36110.759843609114,0.0,42399.65,41462.85,42202.55,41318.6,42860.55,42611.75,41874.62603074661,41447.389046119904,41874.62603074661,41447.389046119904,42729.1,42535.3,392.65000000000146,True,17.213680549719587
2022-12-01 00:00:00+05:30,43512.1,43515.05,42937.8,43098.7,0,42584.06712477627,36266.047402640026,0.0,42838.35,42399.65,42740.0,42202.55,43339.15,42860.55,42326.75068716441,41874.62603074661,42326.75068716441,41874.62603074661,43231.0,42729.1,-413.40000000000146,False,17.421307737209652
2022-12-08 00:00:00+05:30,43142.25,44151.8,43095.3,44049.1,0,43072.41141651752,36439.0041270258,0.0,43512.1,42838.35,42937.8,42740.0,43515.05,43339.15,42584.06712477627,42326.75068716441,42584.06712477627,42326.75068716441,43098.7,43231.0,906.8499999999985,True,18.204139900112978
2022-12-15 00:00:00+05:30,43940.1,44120.6,42363.8,42617.95,0,42920.92427767835,36576.31403531411,0.0,43142.25,43512.1,43095.3,42937.8,44151.8,43515.05,43072.41141651752,42584.06712477627,43072.41141651752,42584.06712477627,44049.1,43098.7,-1322.1500000000015,False,17.346226402798738
2022-12-22 00:00:00+05:30,42864.0,43034.95,41569.45,42827.7,0,42889.84951845223,36715.23372341825,0.0,43940.1,43142.25,42363.8,43095.3,44120.6,44151.8,42920.92427767835,43072.41141651752,42920.92427767835,43072.41141651752,42617.95,44049.1,-36.30000000000291,False,16.817585423936983
2022-12-29 00:00:00+05:30,42684.9,43578.4,42489.8,42958.8,0,42912.83301230149,36853.97964067562,0.0,42864.0,43940.1,41569.45,42363.8,43034.95,44120.6,42889.84951845223,42920.92427767835,42889.84951845223,42920.92427767835,42827.7,42617.95,273.90000000000146,True,16.440160413337644
2023-01-05 00:00:00+05:30,43073.05,43137.55,41729.0,42232.7,0,42686.122008201,36973.50675977171,0.0,42684.9,42864.0,42489.8,41569.45,43578.4,43034.95,42912.83301230149,42889.84951845223,42912.83301230149,42889.84951845223,42958.8,42827.7,-840.3500000000058,False,15.450563793004294
2023-01-12 00:00:00+05:30,42238.5,42715.65,41742.95,42458.0,0,42610.081338800665,37095.38438733234,0.0,43073.05,42684.9,41729.0,42489.8,43137.55,43578.4,42686.122008201,42912.83301230149,42686.122008201,42912.83301230149,42232.7,42958.8,219.5,True,14.86626178040503
2023-01-19 00:00:00+05:30,42416.3,43078.9,41540.3,41647.65,0,42289.27089253378,37196.54584539162,0.0,42238.5,43073.05,41742.95,41729.0,42715.65,43137.55,42610.081338800665,42686.122008201,42610.081338800665,42686.122008201,42458.0,42232.7,-768.6500000000015,False,13.691392389793927
2023-01-27 00:00:00+05:30,41382.35,42015.65,39419.8,40513.0,0,41697.180595022524,37270.24482660514,0.0,42416.3,42238.5,41540.3,41742.95,43078.9,42715.65,42289.27089253378,42610.081338800665,42289.27089253378,42610.081338800665,41647.65,42458.0,-869.3499999999985,False,11.877935841347732
2023-02-02 00:00:00+05:30,39943.35,41791.95,39761.45,41537.65,0,41644.00373001502,37365.07605268058,0.0,41382.35,42416.3,39419.8,41540.3,42015.65,43078.9,41697.180595022524,42289.27089253378,41697.180595022524,42289.27089253378,40513.0,41647.65,1594.300000000003,True,11.451676617228422
2023-02-09 00:00:00+05:30,41634.0,41795.45,41157.9,41731.05,0,41673.01915334335,37462.09769595435,0.0,39943.35,41382.35,39761.45,39419.8,41791.95,42015.65,41644.00373001502,41697.180595022524,41644.00373001502,41697.180595022524,41537.65,40513.0,97.05000000000291,True,11.240484960466473
2023-02-16 00:00:00+05:30,41925.7,41979.1,39899.0,39995.9,0,41113.97943556224,37518.40441382203,0.0,41634.0,39943.35,41157.9,39761.45,41795.45,41791.95,41673.01915334335,41644.00373001502,41673.01915334335,41644.00373001502,41731.05,41537.65,-1929.7999999999956,False,9.583496627632657
2023-02-23 00:00:00+05:30,39983.7,40725.35,39600.25,40698.15,0,40975.36962370816,37589.0654268482,0.0,41925.7,41634.0,39899.0,41157.9,41979.1,41795.45,41113.97943556224,41673.01915334335,41113.97943556224,41673.01915334335,39995.9,41731.05,714.4500000000044,True,9.008748045226127
2023-03-02 00:00:00+05:30,40604.55,41671.2,40312.9,41577.1,0,41175.94641580545,37677.68841736268,0.0,39983.7,41925.7,39600.25,39899.0,40725.35,41979.1,40975.36962370816,41113.97943556224,40975.36962370816,41113.97943556224,40698.15,39995.9,972.5499999999956,True,9.284693794619027
2023-03-09 00:00:00+05:30,41532.65,41659.0,38934.65,39051.5,0,40467.79761053697,37708.21756364351,0.0,40604.55,39983.7,40312.9,39600.25,41671.2,40725.35,41175.94641580545,40975.36962370816,41175.94641580545,40975.36962370816,41577.1,40698.15,-2481.1500000000015,False,7.318245796783858
2023-03-16 00:00:00+05:30,39061.7,40085.6,38613.15,39999.05,0,40311.548407024646,37759.1249511181,0.0,41532.65,40604.55,38934.65,40312.9,41659.0,41671.2,40467.79761053697,41175.94641580545,40467.79761053697,41175.94641580545,39051.5,41577.1,937.3500000000058,True,6.759752666966833
2023-03-23 00:00:00+05:30,39836.15,40201.6,39273.75,39910.15,0,40177.74893801643,37806.92550775992,0.0,39061.7,41532.65,38613.15,38934.65,40085.6,41659.0,40311.548407024646,40467.79761053697,40311.548407024646,40467.79761053697,39999.05,39051.5,74.0,True,6.270870742372045
2023-03-31 00:00:00+05:30,40231.25,41071.15,40180.2,40999.15,0,40451.54929201096,37877.8638298097,0.0,39836.15,39061.7,39273.75,38613.15,40201.6,40085.6,40177.74893801643,40311.548407024646,40177.74893801643,40311.548407024646,39910.15,39999.05,767.9000000000015,True,6.79469537607816
2023-04-06 00:00:00+05:30,40940.7,41610.15,40727.25,41557.95,0,40820.34952800731,37959.6435224806,0.0,40231.25,39836.15,40180.2,39273.75,41071.15,40201.6,40451.54929201096,40177.74893801643,40451.54929201096,40177.74893801643,40999.15,39910.15,617.25,True,7.536177213657279
2023-04-13 00:00:00+05:30,41680.1,42603.55,41502.65,42154.0,0,41264.89968533821,38052.851444203254,0.0,40940.7,40231.25,40727.25,40180.2,41610.15,41071.15,40820.34952800731,40451.54929201096,40820.34952800731,40451.54929201096,41557.95,40999.15,473.90000000000146,True,8.441018528781665
2023-04-20 00:00:00+05:30,42218.5,42875.6,41962.35,42829.9,0,41786.56645689214,38159.00807877651,0.0,41680.1,40940.7,41502.65,40727.25,42603.55,41610.15,41264.89968533821,40820.34952800731,41264.89968533821,40820.34952800731,42154.0,41557.95,611.4000000000015,True,9.506427343778956
2023-04-27 00:00:00+05:30,42753.9,43483.85,42736.6,43312.7,0,42295.2776379281,38273.53456591481,0.0,42218.5,41680.1,41962.35,41502.65,42875.6,42603.55,41786.56645689214,41264.89968533821,41786.56645689214,41264.89968533821,42829.9,42154.0,558.7999999999956,True,10.507895645454516
2023-05-04 00:00:00+05:30,43236.1,43739.8,42582.2,43331.05,0,42640.53509195207,38385.92379778337,0.0,42753.9,42218.5,42736.6,41962.35,43483.85,42875.6,42295.2776379281,41786.56645689214,42295.2776379281,41786.56645689214,43312.7,42829.9,94.95000000000437,True,11.083779868323473
2023-05-11 00:00:00+05:30,43535.1,44151.7,43347.75,43698.7,0,42993.25672796805,38503.98549116596,0.0,43236.1,42753.9,42582.2,42736.6,43739.8,43483.85,42640.53509195207,42295.2776379281,42640.53509195207,42295.2776379281,43331.05,43312.7,163.59999999999854,True,11.659237815347913
2023-05-18 00:00:00+05:30,44006.9,44095.25,43531.9,43677.85,0,43221.45448531204,38618.96025802893,0.0,43535.1,43236.1,43347.75,42582.2,44151.7,43739.8,42993.25672796805,42640.53509195207,42993.25672796805,42640.53509195207,43698.7,43331.05,-329.0500000000029,False,11.917706216148702
2023-05-25 00:00:00+05:30,43630.25,44498.6,43390.3,44128.15,0,43523.68632354136,38741.38669673939,0.0,44006.9,43535.1,43531.9,43347.75,44095.25,44151.7,43221.45448531204,42993.25672796805,43221.45448531204,42993.25672796805,43677.85,43698.7,497.90000000000146,True,12.34416223723986
2023-06-01 00:00:00+05:30,44172.05,44346.3,43706.15,44275.3,0,43774.224215694245,38864.36254792296,0.0,43630.25,44006.9,43390.3,43531.9,44498.6,44095.25,43523.68632354136,43221.45448531204,43523.68632354136,43221.45448531204,44128.15,43677.85,103.25,True,12.633326126774937
2023-06-08 00:00:00+05:30,44208.3,44459.25,43874.05,43988.0,0,43845.48281046283,38978.221157969114,0.0,44172.05,43630.25,43706.15,43390.3,44346.3,44498.6,43774.224215694245,43523.68632354136,43774.224215694245,43523.68632354136,44275.3,44128.15,-220.3000000000029,False,12.487131295109409
2023-06-15 00:00:00+05:30,44054.35,44083.25,43345.95,43859.2,0,43850.05520697522,39086.687354458685,0.0,44208.3,44172.05,43874.05,43706.15,44459.25,44346.3,43845.48281046283,43774.224215694245,43845.48281046283,43774.224215694245,43988.0,44275.3,-195.15000000000146,False,12.186675758218666
2023-06-22 00:00:00+05:30,43874.8,44508.4,43519.55,44327.8,0,44009.303471316816,39203.156524359605,0.0,44054.35,44208.3,43345.95,43874.05,44083.25,44459.25,43850.05520697522,43845.48281046283,43850.05520697522,43845.48281046283,43859.2,43988.0,453.0,True,12.259591760094173
2023-06-30 00:00:00+05:30,44666.0,45655.5,44447.2,45151.8,0,44390.13564754455,39335.34860159606,0.0,43874.8,44054.35,43519.55,43345.95,44508.4,44083.25,44009.303471316816,43850.05520697522,44009.303471316816,43850.05520697522,44327.8,43859.2,485.8000000000029,True,12.850495103387466
2023-07-06 00:00:00+05:30,45060.55,45417.5,44562.4,44639.45,0,44473.240431696366,39453.21752156059,0.0,44666.0,43874.8,44447.2,43519.55,45655.5,44508.4,44390.13564754455,44009.303471316816,44390.13564754455,44009.303471316816,45151.8,44327.8,-421.1000000000058,False,12.723988626256933
2023-07-13 00:00:00+05:30,45009.3,45905.85,44547.8,45669.3,0,44871.926954464245,39591.352687748134,0.0,45060.55,44666.0,44562.4,44447.2,45417.5,45655.5,44473.240431696366,44390.13564754455,44473.240431696366,44390.13564754455,44639.45,45151.8,660.0,True,13.337696007416861
2023-07-20 00:00:00+05:30,45689.05,46369.5,45622.85,46062.35,0,45268.7346363095,39735.1526280204,0.0,45009.3,45060.55,44547.8,44562.4,45905.85,45417.5,44871.926954464245,44473.240431696366,44871.926954464245,44473.240431696366,45669.3,44639.45,373.29999999999563,True,13.926162710614415
2023-07-27 00:00:00+05:30,46285.85,46310.1,44720.9,44995.7,0,45177.723090873,39852.05368073106,0.0,45689.05,45009.3,45622.85,44547.8,46369.5,45905.85,45268.7346363095,44871.926954464245,45268.7346363095,44871.926954464245,46062.35,45669.3,-1290.1500000000015,False,13.363600914541992
2023-08-03 00:00:00+05:30,44862.85,45118.05,44279.4,44880.7,0,45078.715393915336,39963.80137671481,0.0,46285.85,45689.05,44720.9,45622.85,46310.1,46369.5,45177.723090873,45268.7346363095,45177.723090873,45268.7346363095,44995.7,46062.35,17.849999999998545,True,12.79886757764933
2023-08-10 00:00:00+05:30,44797.65,44980.35,43600.35,43946.4,0,44701.27692927689,40052.30356834337,0.0,44862.85,46285.85,44279.4,44720.9,45118.05,46310.1,45078.715393915336,45177.723090873,45078.715393915336,45177.723090873,44880.7,44995.7,-851.25,False,11.607255879804102
2023-08-17 00:00:00+05:30,43897.25,44521.65,43672.45,44479.05,0,44627.2012861846,40150.67571126907,0.0,44797.65,44862.85,43600.35,44279.4,44980.35,45118.05,44701.27692927689,45078.715393915336,44701.27692927689,45078.715393915336,43946.4,44880.7,581.8000000000029,True,11.149315660605705
2023-08-24 00:00:00+05:30,44704.2,44949.9,43983.75,44232.6,0,44495.66752412307,40241.385139907536,0.0,43897.25,44797.65,43672.45,43600.35,44521.65,44980.35,44627.2012861846,44701.27692927689,44627.2012861846,44701.27692927689,44479.05,43946.4,-471.59999999999854,False,10.571908420708278
2023-08-31 00:00:00+05:30,44265.85,44668.7,43830.75,44409.1,0,44466.81168274872,40334.001025687365,0.0,44704.2,43897.25,43983.75,43672.45,44949.9,44521.65,44495.66752412307,44627.2012861846,44495.66752412307,44627.2012861846,44232.6,44479.05,143.25,True,10.24646836903015
2023-09-07 00:00:00+05:30,44418.05,45990.5,44341.2,45909.45,0,44947.69112183248,40457.8998917832,0.0,44265.85,44704.2,43830.75,43983.75,44668.7,44949.9,44466.81168274872,44495.66752412307,44466.81168274872,44495.66752412307,44409.1,44232.6,1491.3999999999942,True,11.097440158927125
2023-09-14 00:00:00+05:30,46013.3,46310.4,45276.4,45384.6,0,45093.32741455499,40567.38211641024,0.0,44418.05,44265.85,44341.2,43830.75,45990.5,44668.7,44947.69112183248,44466.81168274872,44947.69112183248,44466.81168274872,45909.45,44409.1,-628.7000000000044,False,11.156611696454329
2023-09-21 00:00:00+05:30,45179.6,45276.8,44182.5,44588.3,0,44924.98494303666,40656.735847156684,0.0,46013.3,44418.05,45276.4,44341.2,46310.4,45990.5,45093.32741455499,44947.69112183248,45093.32741455499,44947.69112183248,45384.6,45909.45,-591.2999999999956,False,10.498258177749097
2023-09-28 00:00:00+05:30,44700.35,44756.8,43857.5,43964.05,0,44604.673295357774,40730.23171721987,0.0,45179.6,46013.3,44182.5,45276.4,45276.8,46310.4,44924.98494303666,45093.32741455499,44924.98494303666,45093.32741455499,44588.3,45384.6,-736.2999999999956,False,9.512446688340042
2023-10-05 00:00:00+05:30,44181.35,44710.55,43796.75,44516.9,0,44575.41553023852,40814.379901281645,0.0,44700.35,45179.6,43857.5,44182.5,44756.8,45276.8,44604.673295357774,44924.98494303666,44604.673295357774,44924.98494303666,43964.05,44588.3,335.5500000000029,True,9.214976775474103
2023-10-12 00:00:00+05:30,44571.55,44693.05,43861.45,43888.7,0,44346.51035349235,40882.69812569761,0.0,44181.35,44700.35,43796.75,43857.5,44710.55,44756.8,44575.41553023852,44604.673295357774,44575.41553023852,44604.673295357774,44516.9,43964.05,-682.8500000000058,False,8.47256268934338
2023-10-19 00:00:00+05:30,43616.75,44058.8,42758.4,42832.0,0,43841.6735689949,40926.01594512655,0.0,44571.55,44181.35,43861.45,43796.75,44693.05,44710.55,44346.51035349235,44575.41553023852,44346.51035349235,44575.41553023852,43888.7,44516.9,-784.75,False,7.124215627970363
2023-10-26 00:00:00+05:30,42708.4,43356.85,42105.4,42700.95,0,43461.43237932993,40965.45892412374,0.0,43616.75,44571.55,42758.4,43861.45,44058.8,44693.05,43841.6735689949,44346.51035349235,43841.6735689949,44346.51035349235,42832.0,43888.7,-7.450000000004366,False,6.09287316865957
2023-11-02 00:00:00+05:30,43018.7,43799.35,42796.45,43658.65,0,43527.171586219956,41025.307614698766,0.0,42708.4,43616.75,42105.4,42758.4,43356.85,44058.8,43461.43237932993,43841.6735689949,43461.43237932993,43841.6735689949,42700.95,42832.0,639.9500000000044,True,6.098342991156047
2023-11-09 00:00:00+05:30,43626.1,44408.55,43504.95,44201.7,0,43752.0143908133,41095.89411214991,0.0,43018.7,42708.4,42796.45,42105.4,43799.35,43356.85,43527.171586219956,43461.43237932993,43527.171586219956,43461.43237932993,43658.65,42700.95,575.5999999999985,True,6.463225429321221
2023-11-16 00:00:00+05:30,44251.7,44420.95,43230.95,43449.6,0,43651.20959387554,41148.19868743547,0.0,43626.1,43018.7,43504.95,42796.45,44408.55,43799.35,43752.0143908133,43527.171586219956,43752.0143908133,43527.171586219956,44201.7,43658.65,-802.0999999999985,False,6.082917323922511
2023-11-23 00:00:00+05:30,43452.75,44630.35,43451.35,44566.45,0,43956.28972925036,41224.15982771468,0.0,44251.7,43626.1,43230.95,43504.95,44420.95,44408.55,43651.20959387554,43752.0143908133,43651.20959387554,43752.0143908133,43449.6,44201.7,1113.699999999997,True,6.62749686822943
2023-11-30 00:00:00+05:30,44711.2,47259.85,44254.6,46834.55,0,44915.70981950025,41348.835164876575,0.0,43452.75,44251.7,43451.35,43230.95,44630.35,44420.95,43956.28972925036,43651.20959387554,43956.28972925036,43651.20959387554,44566.45,43449.6,2123.350000000006,True,8.626300209911413
2023-12-07 00:00:00+05:30,46735.4,47588.0,46507.15,47092.25,0,45641.223213000165,41476.4666056571,0.0,44711.2,43452.75,44254.6,43451.35,47259.85,44630.35,44915.70981950025,43956.28972925036,44915.70981950025,43956.28972925036,46834.55,44566.45,356.84999999999854,True,10.041252180278589
2023-12-14 00:00:00+05:30,47567.65,48219.95,47202.65,47445.3,0,46242.582142000116,41609.10734775361,0.0,46735.4,44711.2,46507.15,44254.6,47588.0,47259.85,45641.223213000165,44915.70981950025,45641.223213000165,44915.70981950025,47092.25,46834.55,-122.34999999999854,False,11.13572265687323
2023-12-21 00:00:00+05:30,47172.45,48347.65,46919.7,48282.2,0,46922.454761333414,41757.398295581304,0.0,47567.65,46735.4,47202.65,46507.15,48219.95,47588.0,46242.582142000116,45641.223213000165,46242.582142000116,45641.223213000165,47445.3,47092.25,1109.75,True,12.369200852004871
2023-12-28 00:00:00+05:30,48479.05,48636.45,47481.35,47704.95,0,47183.28650755561,41889.56611123505,0.0,47172.45,47567.65,46919.7,47202.65,48347.65,48219.95,46922.454761333414,46242.582142000116,46922.454761333414,46242.582142000116,48282.2,47445.3,-774.1000000000058,False,12.637324488545493
2024-01-04 00:00:00+05:30,47805.4,48381.95,47010.8,47360.85,0,47242.47433837041,42011.150197652045,0.0,48479.05,47172.45,47481.35,46919.7,48636.45,48347.65,47183.28650755561,46922.454761333414,47183.28650755561,46922.454761333414,47704.95,48282.2,-444.5500000000029,False,12.452227839767023
2024-01-11 00:00:00+05:30,47538.6,48305.4,45979.6,46064.45,0,46849.79955891361,42101.22352659311,0.0,47805.4,48479.05,47010.8,47481.35,48381.95,48636.45,47242.47433837041,47183.28650755561,47242.47433837041,47183.28650755561,47360.85,47704.95,-1474.1500000000015,False,11.27895019326714
2024-01-18 00:00:00+05:30,45492.75,46580.3,44489.4,45082.4,0,46260.66637260908,42167.471892668815,0.0,47538.6,47805.4,45979.6,47010.8,48305.4,48381.95,46849.79955891361,47242.47433837041,46849.79955891361,47242.47433837041,46064.45,47360.85,-410.34999999999854,False,9.706995217448405
2024-01-25 00:00:00+05:30,45057.95,46179.75,44429.0,45996.8,0,46172.71091507272,42252.56807283173,0.0,45492.75,47538.6,44489.4,45979.6,46580.3,48305.4,46260.66637260908,46849.79955891361,46260.66637260908,46849.79955891361,45082.4,46064.45,938.8500000000058,True,9.277880661558244
2024-02-01 00:00:00+05:30,46164.9,46892.35,45527.0,45818.5,0,46054.64061004848,42331.81100454658,0.0,45057.95,45492.75,44429.0,44489.4,46179.75,46580.3,46172.71091507272,46260.66637260908,46172.71091507272,46260.66637260908,45996.8,45082.4,-346.40000000000146,False,8.794401933576754
2024-02-08 00:00:00+05:30,45973.85,46181.2,44633.85,45908.3,0,46005.860406698994,42411.28853777888,0.0,46164.9,45057.95,45527.0,44429.0,46892.35,46179.75,46054.64061004848,46172.71091507272,46054.64061004848,46172.71091507272,45818.5,45996.8,-65.54999999999563,False,8.475507330361268
2024-02-15 00:00:00+05:30,46027.1,47363.4,45590.2,47019.7,0,46343.80693779933,42513.69768138379,0.0,45973.85,46164.9,44633.85,45527.0,46181.2,46892.35,46005.860406698994,46054.64061004848,46005.860406698994,46054.64061004848,45908.3,45818.5,992.5999999999985,True,9.009118155564947
2024-02-22 00:00:00+05:30,46934.55,47245.35,45852.55,45963.15,0,46216.92129186622,42590.35217735304,0.0,46027.1,45973.85,45590.2,44633.85,47363.4,46181.2,46343.80693779933,46005.860406698994,46343.80693779933,46005.860406698994,47019.7,45908.3,-971.4000000000015,False,8.515001471252392
2024-02-29 00:00:00+05:30,45881.45,48161.25,45661.75,47965.4,0,46799.74752791082,42709.797684522964,0.0,46934.55,46027.1,45852.55,45590.2,47245.35,47363.4,46216.92129186622,46343.80693779933,46216.92129186622,46343.80693779933,45963.15,47019.7,2083.9500000000044,True,9.576139586514493
2024-03-07 00:00:00+05:30,48035.8,48071.7,46842.15,46981.3,0,46860.26501860721,42804.71995820023,0.0,45881.45,46934.55,45661.75,45852.55,48161.25,47245.35,46799.74752791082,46216.92129186622,46799.74752791082,46216.92129186622,47965.4,45963.15,-1054.5,False,9.474527725837982
2024-03-14 00:00:00+05:30,46825.75,47231.5,45828.8,46310.9,0,46677.14334573815,42882.63507024023,0.0,48035.8,45881.45,46842.15,45661.75,48071.7,48161.25,46860.26501860721,46799.74752791082,46860.26501860721,46799.74752791082,46981.3,47965.4,-514.8499999999985,False,8.848589339910324
2024-03-21 00:00:00+05:30,46674.85,46990.25,46529.05,46785.95,0,46713.412230492104,42969.375402012665,0.0,46825.75,48035.8,45828.8,46842.15,47231.5,48071.7,46677.14334573815,46860.26501860721,46677.14334573815,46860.26501860721,46310.9,46981.3,111.09999999999854,True,8.713267980860783
2024-03-28 00:00:00+05:30,46827.85,47707.35,46827.85,47624.25,0,47017.02482032807,43072.817059745714,0.0,46674.85,46825.75,46529.05,45828.8,46990.25,47231.5,46713.412230492104,46677.14334573815,46713.412230492104,46677.14334573815,46785.95,46310.9,796.4000000000015,True,9.157069422952766
2024-04-04 00:00:00+05:30,48086.2,49057.4,47712.7,48986.6,0,47673.54988021872,43204.23445841803,0.0,46827.85,46674.85,46827.85,46529.05,47707.35,46990.25,47017.02482032807,46713.412230492104,47017.02482032807,46713.412230492104,47624.25,46785.95,900.4000000000015,True,10.344623571798703
2024-04-12 00:00:00+05:30,48671.2,48882.65,47316.55,47484.8,0,47610.63325347915,43299.35813711985,0.0,48086.2,46827.85,47712.7,46827.85,49057.4,47707.35,47673.54988021872,47017.02482032807,47673.54988021872,47017.02482032807,48986.6,47624.25,-1186.3999999999942,False,9.956903062411243
2024-04-18 00:00:00+05:30,47592.7,48302.7,46579.05,48189.0,0,47803.4221689861,43408.016845183854,0.0,48671.2,48086.2,47316.55,47712.7,48882.65,49057.4,47610.63325347915,47673.54988021872,47610.63325347915,47673.54988021872,47484.8,48986.6,596.3000000000029,True,10.125791600843241
2024-04-25 00:00:00+05:30,47772.65,49974.75,47737.2,49396.75,0,48334.53144599074,43541.099804179765,0.0,47592.7,48671.2,46579.05,47316.55,48302.7,48882.65,47803.4221689861,47610.63325347915,47803.4221689861,47610.63325347915,48189.0,47484.8,1624.0999999999985,True,11.008981544721625
2024-05-02 00:00:00+05:30,49262.0,49607.75,47851.15,48021.1,0,48230.054297327166,43640.65536408688,0.0,47772.65,47592.7,47737.2,46579.05,49974.75,48302.7,48334.53144599074,47803.4221689861,48334.53144599074,47803.4221689861,49396.75,48189.0,-1240.9000000000015,False,10.516338251457677
2024-05-09 00:00:00+05:30,47976.35,48258.65,46983.25,47687.45,0,48049.186198218114,43730.58413377384,0.0,49262.0,47772.65,47851.15,47737.2,49607.75,49974.75,48230.054297327166,48334.53144599074,48230.054297327166,48334.53144599074,48021.1,49396.75,-288.90000000000146,False,9.8754730813416
2024-05-16 00:00:00+05:30,47945.85,48259.75,47340.35,47781.95,0,47960.107465478744,43820.61448635664,0.0,47976.35,49262.0,46983.25,47851.15,48258.65,49607.75,48049.186198218114,48230.054297327166,48049.186198218114,48230.054297327166,47687.45,48021.1,-163.90000000000146,False,9.446451236805274
2024-05-23 00:00:00+05:30,47899.35,49688.85,47873.15,48501.35,0,48140.52164365249,43924.63083110427,0.0,47945.85,47976.35,47340.35,46983.25,48259.75,48258.65,47960.107465478744,48049.186198218114,47960.107465478744,48049.186198218114,47781.95,47687.45,602.0,True,9.598010803457536
2024-05-30 00:00:00+05:30,48313.6,51133.2,46077.85,49054.6,0,48445.21442910167,44038.630145968615,0.0,47899.35,47945.85,47873.15,47340.35,49688.85,48259.75,48140.52164365249,47960.107465478744,48140.52164365249,47960.107465478744,48501.35,47781.95,741.0,True,10.006179276074597
2024-06-06 00:00:00+05:30,49426.4,50252.95,48906.75,49895.1,0,48928.50961940111,44168.773920502645,0.0,48313.6,47899.35,46077.85,47873.15,51133.2,49688.85,48445.21442910167,48140.52164365249,48445.21442910167,48140.52164365249,49054.6,48501.35,468.6999999999971,True,10.776245923115953
2024-06-13 00:00:00+05:30,50179.0,51957.0,49693.35,51398.05,0,49751.68974626741,44329.42450004703,0.0,49426.4,48313.6,48906.75,46077.85,50252.95,51133.2,48928.50961940111,48445.21442910167,48928.50961940111,48445.21442910167,49895.1,49054.6,1219.050000000003,True,12.231751951155207
2024-06-20 00:00:00+05:30,51712.9,52988.3,51138.9,52870.5,0,50791.29316417828,44519.226177823766,0.0,50179.0,49426.4,49693.35,48906.75,51957.0,50252.95,49751.68974626741,48928.50961940111,49751.68974626741,48928.50961940111,51398.05,49895.1,1157.5999999999985,True,14.088445655595871
2024-06-27 00:00:00+05:30,52980.3,53256.7,51996.65,53089.25,0,51557.27877611885,44709.671151649905,0.0,51712.9,50179.0,51138.9,49693.35,52988.3,51957.0,50791.29316417828,49751.68974626741,50791.29316417828,49751.68974626741,52870.5,51398.05,108.94999999999709,True,15.31571905604645
2024-07-04 00:00:00+05:30,53357.7,53357.7,52075.4,52189.3,0,51767.952517412574,44875.885126057685,0.0,52980.3,51712.9,51996.65,51138.9,53256.7,52988.3,51557.27877611885,50791.29316417828,51557.27877611885,50791.29316417828,53089.25,52870.5,-1168.3999999999942,False,15.358064519496093
2024-07-11 00:00:00+05:30,52316.9,52794.55,51749.45,52396.8,0,51977.56834494172,45043.01656770085,0.0,53357.7,52980.3,52075.4,51996.65,53357.7,53256.7,51767.952517412574,51557.27877611885,51767.952517412574,51557.27877611885,52189.3,53089.25,79.90000000000146,True,15.39539823408154
2024-07-18 00:00:00+05:30,52215.05,52782.75,50784.25,51317.0,0,51757.378896627815,45182.43842175194,0.0,52316.9,53357.7,51749.45,52075.4,52794.55,53357.7,51977.56834494172,51767.952517412574,51977.56834494172,51767.952517412574,52396.8,52189.3,-898.0500000000029,False,14.551982373112773
2024-07-25 00:00:00+05:30,50762.3,52340.25,50438.3,51553.4,0,51689.38593108521,45324.01534571301,0.0,52215.05,52316.9,50784.25,51749.45,52782.75,52794.55,51757.378896627815,51977.56834494172,51757.378896627815,51977.56834494172,51317.0,52396.8,791.0999999999985,True,14.044145331828542
2024-08-01 00:00:00+05:30,51672.6,51877.15,49659.05,50119.0,0,51165.92395405681,45430.57056025272,0.0,50762.3,52215.05,50438.3,50784.25,52340.25,52782.75,51689.38593108521,51757.378896627815,51689.38593108521,51757.378896627815,51553.4,51317.0,-1553.5999999999985,False,12.624436195881621
2024-08-08 00:00:00+05:30,50051.9,50707.75,49829.6,50484.5,0,50938.782636037875,45542.88010335822,0.0,51672.6,50762.3,49659.05,50438.3,51877.15,52340.25,51165.92395405681,51689.38593108521,51165.92395405681,51689.38593108521,50119.0,51553.4,432.59999999999854,True,11.84796069206386
